"id","filepath","url","type","brand","description","price","image_url","is_deleted"
"1","Wanderer Black Hiking Boots","/products/wanderer-black-hiking-boots","Footwear","Daybird","Daybird's Wanderer Hiking Boots in sleek black are perfect for all your outdoor adventures. These boots are made with a waterproof leather upper and a durable rubber sole for superior traction. With their cushioned insole and padded collar,these boots will keep you comfortable all day long.","109.99","1_generated_image.png","FALSE"
"2","Summit Pro Harness","/products/summit-pro-harness","Climbing","Gravitator","Conquer new heights with the Summit Pro Harness by Gravitator. This lightweight and durable climbing harness features adjustable leg loops and waist belt for a customized fit. With its vibrant blue color,you'll look stylish while maneuvering difficult routes. Safety is a top priority with a reinforced tie-in point and strong webbing loops.","89.99","2_generated_image.png","FALSE"
"3","Alpine Fusion Goggles","/products/alpine-fusion-goggles","Ski/boarding","WildRunner","Enhance your skiing experience with the Alpine Fusion Goggles from WildRunner. These goggles offer full UV protection and anti-fog lenses to keep your vision clear on the slopes. With their stylish silver frame and orange lenses,you'll stand out from the crowd. Adjustable straps ensure a secure fit,while the soft foam padding provides comfort all day long.","79.99","3_generated_image.png","FALSE"
"4","Expedition Backpack","/products/expedition-backpack","Bags","Quester","The Expedition Backpack by Quester is a must-have for every outdoor enthusiast. With its spacious interior and multiple pockets,you can easily carry all your gear and essentials. Made with durable nylon fabric,this backpack is built to withstand the toughest conditions. The orange accents add a touch of style to this functional backpack.","129.99","4_generated_image.png","FALSE"
"5","Blizzard Rider Snowboard","/products/blizzard-rider-snowboard","Ski/boarding","B&R","Get ready to ride the slopes with the Blizzard Rider Snowboard by B&R. This versatile snowboard is perfect for riders of all levels with its medium flex and twin shape. Its black and blue color scheme gives it a sleek and cool look. Whether you're carving turns or hitting the terrain park,this snowboard will help you shred with confidence.","299.99","5_generated_image.png","FALSE"
"6","Carbon Fiber Trekking Poles","/products/carbon-fiber-trekking-poles","Trekking","Raptor Elite","The Carbon Fiber Trekking Poles by Raptor Elite are the ultimate companion for your hiking adventures. Designed with lightweight carbon fiber shafts,these poles provide excellent support and durability. The comfortable and adjustable cork grips ensure a secure hold,while the blue accents add a stylish touch. Compact and collapsible,these trekking poles are easy to transport and store.","69.99","6_generated_image.png","FALSE"
"7","Explorer 45L Backpack","/products/explorer-45l-backpack","Bags","Solstix","The Explorer 45L Backpack by Solstix is perfect for your next outdoor expedition. Made with waterproof and tear-resistant materials,this backpack can withstand even the harshest weather conditions. With its spacious main compartment and multiple pockets,you can easily organize your gear. The green and black color scheme adds a rugged and adventurous edge.","149.99","7_generated_image.png","FALSE"
"8","Frostbite Insulated Jacket","/products/frostbite-insulated-jacket","Jackets","Grolltex","Stay warm and stylish with the Frostbite Insulated Jacket by Grolltex. Featuring a water-resistant outer shell and lightweight insulation,this jacket is perfect for cold weather adventures. The black and gray color combination and Grolltex logo add a touch of sophistication. With its adjustable hood and multiple pockets,this jacket offers both style and functionality.","179.99","8_generated_image.png","FALSE"
"9","VenturePro GPS Watch","/products/venturepro-gps-watch","Navigation","AirStrider","Navigate with confidence using the VenturePro GPS Watch by AirStrider. This rugged and durable watch features a built-in GPS,altimeter,and compass,allowing you to track your progress and find your way in any terrain. With its sleek black design and easy-to-read display,this watch is both stylish and practical. The VenturePro GPS Watch is a must-have for every adventurer.","199.99","9_generated_image.png","FALSE"
"10","Trailblazer Bike Helmet","/products/trailblazer-bike-helmet","Cycling","Green Equipment","Stay safe on your cycling adventures with the Trailblazer Bike Helmet by Green Equipment. This lightweight and durable helmet features an adjustable fit system and ventilation for added comfort. With its vibrant green color and sleek design,you'll stand out on the road. The Trailblazer Bike Helmet is perfect for all types of cycling,from mountain biking to road cycling.","59.99","10_generated_image.png","FALSE"
"11","Vertical Journey Climbing Shoes","/products/vertical-journey-climbing-shoes","Climbing","WildRunner","The Vertical Journey Climbing Shoes from WildRunner in sleek black are the perfect companion for any climbing enthusiast. With an aggressive down-turned toe,sticky rubber outsole,and reinforced heel cup for added support,these shoes offer ultimate performance on even the most challenging routes.","129.99","11_generated_image.png","FALSE"
"12","Powder Pro Snowboard","/products/powder-pro-snowboard","Ski/boarding","Zephyr","The Powder Pro Snowboard by Zephyr is designed for the ultimate ride through deep snow. Its floating camber allows for effortless turns and smooth maneuverability,while the lightweight carbon fiber construction ensures maximum control at high speeds. This board,available in vibrant turquoise,is a must-have for any backcountry shredder.","399","12_generated_image.png","FALSE"
"13","Trailblaze hiking backpack","/products/trailblaze-hiking-backpack","Bags","Daybird","The Daybird Trailblaze backpack in forest green is a reliable and spacious bag for all your outdoor adventures. With a 40-liter capacity and durable ripstop fabric,this backpack provides ample storage and protection for your gear. Its ergonomic design and adjustable straps ensure a comfortable fit no matter the length of the hike.","89.99","13_generated_image.png","FALSE"
"14","Stellar Duffle Bag","/products/stellar-duffle-bag","Bags","Gravitator","The Stellar Duffle Bag from Gravitator is perfect for weekend getaways or short trips. Made from waterproof nylon and available in sleek black,it features multiple internal pockets and a separate shoe compartment to keep your belongings organized. With its adjustable shoulder strap and reinforced handles,this bag is as functional as it is stylish.","59.99","14_generated_image.png","FALSE"
"15","Summit Pro Insulated Jacket","/products/summit-pro-insulated-jacket","Jackets","Raptor Elite","The Summit Pro Insulated Jacket by Raptor Elite is designed to keep you warm and dry in extreme conditions. With its waterproof and breathable construction,heat-sealed seams,and insulation made from recycled materials,this jacket is both eco-friendly and high-performance. Available in vibrant red,it also features a removable hood and plenty of storage pockets.","249.99","15_generated_image.png","FALSE"
"16","Expedition 2022 Goggles","/products/expedition-2022-goggles","Ski/boarding","Solstix","Solstix Expedition 2022 Goggles provide clear vision and optimal protection on the slopes. With an anti-fog lens,UV protection,and a comfortable foam lining,these goggles ensure a great fit and unrestricted vision even in challenging conditions. The matte black frame gives them a sleek and modern look.","89","16_generated_image.png","FALSE"
"17","Apex Climbing Harness","/products/apex-climbing-harness","Climbing","Legend","The Apex Climbing Harness by Legend is a lightweight and durable harness designed for maximum comfort and safety. With adjustable leg loops,a contoured waistbelt,and a secure buckle system,this harness provides a secure fit for all-day climbing sessions. Available in bold orange,it also features gear loops for easy access to your equipment.","89.99","17_generated_image.png","FALSE"
"18","Alpine Tech Crampons","/products/alpine-tech-crampons","Climbing","Grolltex","The Alpine Tech Crampons by Grolltex are essential for icy and challenging mountain terrains. Made from strong and lightweight stainless steel,these crampons provide excellent traction and stability. Their simple adjustment system allows for easy fitting and quick attachment to most hiking boots. Available in silver,they are suitable for both beginners and experienced mountaineers.","149","18_generated_image.png","FALSE"
"19","EcoTrail Running Shoes","/products/ecotrail-running-shoes","Footwear","Green Equipment","Experience the great outdoors while reducing your carbon footprint with the Green Equipment EcoTrail Running Shoes. Made from recycled materials,these shoes offer a lightweight,breathable,and flexible design in an earthy green color. With their durable Vibram outsole and cushioned midsole,they provide optimal comfort and grip on any trail.","119.99","19_generated_image.png","FALSE"
"20","Explorer Biking Computer","/products/explorer-biking-computer","Navigation","B&R","The Explorer Biking Computer by B&R is the ultimate accessory for cyclists seeking data and navigation assistance. With its intuitive touchscreen display and GPS capabilities,it allows you to track your route,monitor performance metrics,and receive turn-by-turn directions. Its sleek black design and waterproof construction make it a reliable companion on all your cycling adventures.","199.99","20_generated_image.png","FALSE"
"21","Trailblazer Black Hiking Shoes","/products/trailblazer-black-hiking-shoes","Footwear","Legend","The Legend Trailblazer is a versatile hiking shoe designed to provide unparalleled durability and comfort on any adventure. With its black color,these shoes offer a sleek and minimalist style. The shoes feature a waterproof GORE-TEX lining,Vibram rubber outsole for enhanced traction,and a reinforced toe cap for added protection. Conquer any trail with confidence in the Legend Trailblazer Black Hiking Shoes.","129.99","21_generated_image.png","FALSE"
"22","Venture 2022 Snowboard","/products/venture-2022-snowboard","Ski/boarding","Raptor Elite","The Raptor Elite Venture 2022 Snowboard is a true all-mountain performer,perfect for riders of all levels. Its sleek design,combined with the vibrant blue color,makes it stand out on the slopes. The snowboard features a responsive camber profile,carbon fiber laminates for enhanced stability,and a sintered base for maximum speed. Take your snowboarding skills to new heights with the Raptor Elite Venture 2022 Snowboard.","499","22_generated_image.png","FALSE"
"23","Summit Pro Climbing Harness","/products/summit-pro-climbing-harness","Climbing","Zephyr","The Zephyr Summit Pro Climbing Harness is designed for professional climbers who demand the utmost in reliability and performance. Available in a striking orange color,this harness features 30kN rated webbing,speed-adjust buckles,and multiple gear loops for easy organization. With its lightweight design,the Summit Pro Harness offers unmatched comfort and freedom of movement. Reach new heights of confidence with the Zephyr Summit Pro Climbing Harness.","189.99","23_generated_image.png","FALSE"
"24","Ridgevent Stealth Hiking Backpack","/products/ridgevent-stealth-hiking-backpack","Bags","WildRunner","The WildRunner Ridgevent Stealth Hiking Backpack is the ultimate companion for your outdoor adventures. With its stealthy red color,this backpack combines style with functionality. Made from durable nylon and featuring multiple compartments,this backpack offers ample storage space for all your essentials. Whether you're venturing into the mountains or exploring hidden trails,the Ridgevent Stealth Hiking Backpack has got you covered.","69.99","24_generated_image.png","FALSE"
"25","Stealth Lite Bike Helmet","/products/stealth-lite-bike-helmet","Cycling","Daybird","The Daybird Stealth Lite Bike Helmet is designed for cyclists who value both safety and style. With its sleek matte silver color,this helmet will make you stand out on the road. The helmet features a lightweight in-mold construction,adjustable retention system,and multiple ventilation channels for optimal airflow. Stay protected and look cool with the Daybird Stealth Lite Bike Helmet.","89.99","25_generated_image.png","FALSE"
"26","Gravity Beam Climbing Rope","/products/gravity-beam-climbing-rope","Climbing","Gravitator","The Gravitator Gravity Beam Climbing Rope is the perfect companion for vertical endeavors. This high-quality climbing rope features a kernmantle construction,providing excellent strength and durability. With its vibrant yellow color,the Gravity Beam Rope is highly visible and easy to work with. Whether you're tackling steep rock faces or conquering frozen waterfalls,trust the Gravitator Gravity Beam Climbing Rope to get you to the top.","179.99","26_generated_image.png","FALSE"
"27","EcoLodge 45L Travel Backpack","/products/ecolodge-45l-travel-backpack","Bags","Green Equipment","The Green Equipment EcoLodge 45L Travel Backpack is a sustainable and versatile option for all your travel needs. With its earth-inspired green color,this backpack is not only stylish but also environmentally friendly. Made from recycled materials,this backpack features multiple compartments,a padded laptop sleeve,and durable zippers. Explore the world with the Green Equipment EcoLodge 45L Travel Backpack.","129","27_generated_image.png","FALSE"
"28","Alpine Peak Down Jacket","/products/alpine-peak-down-jacket","Jackets","Solstix","The Solstix Alpine Peak Down Jacket is crafted for extreme cold conditions. With its bold red color and sleek design,this jacket combines style with functionality. Made with high-quality goose down insulation,the Alpine Peak Jacket provides exceptional warmth and comfort. The jacket features a removable hood,adjustable cuffs,and multiple zippered pockets for storage. Conquer the harshest weather with the Solstix Alpine Peak Down Jacket.","249.99","28_generated_image.png","FALSE"
"29","Pulse Recon Tactical GPS Watch","/products/pulse-recon-tactical-gps-watch","Navigation","B&R","The B&R Pulse Recon Tactical GPS Watch is a must-have for outdoor enthusiasts. This reliable navigation tool features a built-in GPS,altimeter,compass,and multiple sports modes. With its military green color and durable construction,the Pulse Recon watch is built to withstand your toughest adventures. Stay on track and keep track of your performance with the B&R Pulse Recon Tactical GPS Watch.","169","29_generated_image.png","FALSE"
"30","Zero Gravity Ski Goggles","/products/zero-gravity-ski-goggles","Ski/boarding","Gravitator","The Gravitator Zero Gravity Ski Goggles combine style,performance,and comfort for the ultimate ski experience. With their sleek white frame and red mirrored lenses,these goggles offer a futuristic look on the slopes. The goggles feature an anti-fog coating,100% UV protection,and an adjustable strap for a secure fit. Enhance your vision and carve your way down the slopes with the Gravitator Zero Gravity Ski Goggles.","79.99","30_generated_image.png","FALSE"
"31","Guardian Blue Chalk Bag","/products/guardian-blue-chalk-bag","Climbing","Legend","Stay focused on your route with the Guardian Blue Chalk Bag by Legend. This durable bag features a spacious compartment for your chalk,a drawstring closure,and a waist belt for easy access while climbing. The vibrant blue color adds a stylish touch to your climbing gear.","21.99","31_generated_image.png","FALSE"
"32","Cosmic Purple Snowboard","/products/cosmic-purple-snowboard","Ski/boarding","Gravitator","Conquer the slopes with the Cosmic Purple Snowboard by Gravitator. This freestyle board delivers a perfect balance of control and maneuverability. Its bright purple design is complemented by the Gravitator emblem,sure to turn heads on the mountain.","419.99","32_generated_image.png","FALSE"
"33","Venture Grey Trail Shoes","/products/venture-grey-trail-shoes","Footwear","WildRunner","Hit the trails in style and comfort with the Venture Grey Trail Shoes by WildRunner. Constructed with breathable mesh and a rugged outsole,these shoes provide excellent traction and long-lasting durability. The versatile grey color makes them suitable for any adventure.","79.99","33_generated_image.png","FALSE"
"34","Velocity Red Bike Helmet","/products/velocity-red-bike-helmet","Cycling","AirStrider","Protect yourself while cycling in style with the Velocity Red Bike Helmet by AirStrider. This lightweight helmet features a streamlined design,adjustable straps,and ventilation channels for optimal airflow. Stay safe on the road or trails with this vibrant red helmet.","54.99","34_generated_image.png","FALSE"
"35","Carbon Fiber Trekking Poles","/products/carbon-fiber-trekking-poles","Trekking","Raptor Elite","Hike with confidence using the Raptor Elite Carbon Fiber Trekking Poles. These lightweight and durable poles provide stability on various terrains and reduce strain on your joints. With an ergonomic grip and adjustable length,these poles are a must-have for your outdoor adventures.","99","35_generated_image.png","FALSE"
"36","Excursion 20L Daypack","/products/excursion-20l-daypack","Bags","B&R","The Excursion 20L Daypack by B&R is the perfect companion for your hiking or camping trips. Made from durable waterproof nylon,this spacious pack features multiple pockets,adjustable straps,and a padded back for enhanced comfort. The sleek design and versatile white color make it a stylish choice.","64.99","36_generated_image.png","FALSE"
"37","Stormbreaker Waterproof Jacket","/products/stormbreaker-waterproof-jacket","Jackets","Zephyr","Take on any weather with the Stormbreaker Waterproof Jacket by Zephyr. This jacket offers superior protection with its fully waterproof and windproof design. The bold red color,coupled with the Zephyr logo,adds a stylish touch to your outdoor look. Stay dry and comfortable during your adventures.","139.99","37_generated_image.png","FALSE"
"38","Pathfinder Portable GPS","/products/pathfinder-portable-gps","Navigation","Solstix","Never lose your way with the Pathfinder Portable GPS by Solstix. This compact and reliable navigation device features a color display,preloaded maps,and advanced tracking capabilities. With its intuitive interface and long battery life,you can explore confidently wherever you go.","199","38_generated_image.png","FALSE"
"39","Midnight Blue Goggles","/products/midnight-blue-goggles","Ski/boarding","Daybird","Enhance your snowboarding experience with the Midnight Blue Goggles by Daybird. These goggles offer a wide field of vision,anti-fog coating,and UV protection to keep your eyes protected on the slopes. The sleek design and blue tinted lens add a touch of style to your riding gear.","89.99","39_generated_image.png","FALSE"
"40","EcoTrek Trail Running Shoes","/products/ecotrek-trail-running-shoes","Footwear","Green Equipment","Hit the trails with the EcoTrek Trail Running Shoes by Green Equipment. Designed with eco-friendly materials,these shoes feature a comfortable fit,responsive cushioning,and a durable outsole for optimal grip on rugged terrains. The forest green color is inspired by nature and adds a refreshing touch to your outdoor look.","99.99","40_generated_image.png","FALSE"
"41","Trekker Clear Hiking Shoes","/products/trekker-clear-hiking-shoes","Footwear","WildRunner","The Trekker Clear Hiking Shoes from WildRunner are designed for the adventurous hiker who seeks both comfort and durability. The transparent shoes feature a waterproof and breathable upper fabric,a rugged carbon-infused sole for excellent traction,and a shock-absorbing midsole for enhanced comfort on long hikes.","84.99","41_generated_image.png","FALSE"
"42","Gravity 5000 All-Mountain Skis","/products/gravity-5000-all-mountain-skis","Ski/boarding","Gravitator","Take on any slope confidently with the Gravity 5000 All-Mountain Skis by Gravitator. These skis feature a versatile design that excels in all conditions,from powder to hardpack. They are equipped with a lightweight wood core,carbon inserts for responsiveness,and ABS sidewalls for added durability. These skis come in a striking blue color.","699","42_generated_image.png","FALSE"
"43","Glacier Frost Snowboard","/products/glacier-frost-snowboard","Ski/boarding","Legend","Tame the snow-covered peaks with the Glacier Frost Snowboard from Legend. This high-performance board is constructed with a hybrid camber profile for excellent edge control and superior maneuverability. The board is built with a carbon fiber composite core for lightweight strength and optimal flex,enabling you to take your snowboarding skills to new heights. Available in a cool white color with vibrant frost graphic.","419.99","43_generated_image.png","FALSE"
"44","Summit Pro Climbing Harness","/products/summit-pro-climbing-harness","Climbing","Raptor Elite","Conquer the highest peaks with the Summit Pro Climbing Harness by Raptor Elite. This harness features a lightweight and breathable construction,complete with adjustable leg loops for a personalized fit. It has reinforced tie-in points for maximum safety and durability. The vivid green color adds a touch of style to your climbing gear.","109.99","44_generated_image.png","FALSE"
"45","Elemental 3-Season Tent","/products/elemental-3-season-tent","Trekking","Solstix","Experience the great outdoors with the Elemental 3-Season Tent by Solstix. This lightweight and compact tent is perfect for backpacking adventures. It offers ample space for two people and features a durable waterproof fabric,sturdy aluminum poles,and ventilation panels for optimal airflow. The vibrant green color adds a touch of visibility to your camping setup.","189.99","45_generated_image.png","FALSE"
"46","Zenith Cycling Jersey","/products/zenith-cycling-jersey","Cycling","B&R","Get ready to hit the road with the Zenith Cycling Jersey by B&R. This high-performance jersey is made from moisture-wicking fabric to keep you cool and dry during intense rides. It features a full-length zipper,three rear pockets for storage,and reflective accents for increased visibility in low-light conditions. Available in a vibrant red color.","64.99","46_generated_image.png","FALSE"
"47","Edge Pro Ice Axe","/products/edge-pro-ice-axe","Climbing","Grolltex","Take your ice climbing adventures to the next level with the Edge Pro Ice Axe from Grolltex. This axe features a lightweight aluminum shaft,a durable stainless steel pick,and a comfortable hand grip for maximum control. Perfect for tackling steep ice walls and mixed alpine terrain. The sleek orange color adds a touch of sophistication to your gear.","129","47_generated_image.png","FALSE"
"48","Trailblazer 45L Backpack","/products/trailblazer-45l-backpack","Bags","Zephyr","Take everything you need for your next adventure with the Trailblazer 45L Backpack by Zephyr. This spacious backpack features multiple compartments for easy organization,adjustable shoulder straps and hip belt for a customized fit,and durable waterproof construction for ultimate protection against the elements. The classic yellow color is timeless and versatile.","124.99","48_generated_image.png","FALSE"
"49","Arctic Shield Insulated Jacket","/products/arctic-shield-insulated-jacket","Jackets","Daybird","Stay warm and stylish in the Arctic Shield Insulated Jacket by Daybird. This jacket features a water-resistant outer shell,insulated fill for exceptional warmth,and a detachable hood for added versatility. The sleek pink color is perfect for any outdoor occasion.","169.99","49_generated_image.png","FALSE"
"50","Astro GPS Navigator","/products/astro-gps-navigator","Navigation","AirStrider","Never get lost on your outdoor adventures with the Astro GPS Navigator by AirStrider. This compact and rugged device comes loaded with topographic maps,GPS tracking,waypoint storage,and a long-lasting battery. It is equipped with a high-resolution color display for easy navigation in any lighting condition. Available in a sleek gray color.","249.99","50_generated_image.png","FALSE"
"51","SummitStone Chalk Bag","/products/summitstone-chalk-bag","Climbing","Grolltex","The SummitStone Chalk Bag in forest green is a must-have for climbers seeking adventure. Keep your hands dry and have easy access to chalk with this durable and compact bag. It features a drawstring closure,adjustable waist strap,and a Loop-Slider buckle for easy attachment to harnesses.","29.99","51_generated_image.png","FALSE"
"52","TrailHug 50L Backpack","/products/trailhug-50l-backpack","Bags","Legend","The TrailHug 50L Backpack in navy blue is a perfect companion for all your hiking adventures. Made from lightweight and water-resistant nylon,this backpack features adjustable padded straps,multiple compartments for organized storage,and a breathable back panel for added comfort. It also comes with a handy built-in rain cover for unexpected showers.","129.99","52_generated_image.png","FALSE"
"53","Raven Swift Snowboard","/products/raven-swift-snowboard","Ski/boarding","Daybird","The Raven Swift Snowboard is ready to take you on thrilling rides down the slopes. With its striking white design and black logo,this all-mountain board is perfect for riders of all skill levels. It features a camber profile for stability and pop,and a medium flex for smooth turns and responsive control. Get ready to fly and carve like never before!","349","53_generated_image.png","FALSE"
"54","Nebula Pro Headlamp","/products/nebula-pro-headlamp","Trekking","Gravitator","Illuminate your outdoor adventures with the Nebula Pro Headlamp. Its sleek design and water-resistant construction in neon color make it perfect for night hikes,camping trips,and emergencies. With 500 lumens of bright white light,adjustable brightness modes,and a rechargeable battery,this headlamp will light up the darkness and keep you safe.","59.99","54_generated_image.png","FALSE"
"55","Vigor 2.0 Insulated Jacket","/products/vigor-2.0-insulated-jacket","Jackets","Solstix","Stay warm and stylish on the slopes with the Vigor 2.0 Insulated Jacket in vibrant red. This waterproof and breathable jacket is made with a 2-layer technical shell and features a detachable hood,adjustable cuffs,and multiple pockets for storage. With its modern design and ergonomic fit,it's the perfect outer layer for your winter adventures.","189.99","55_generated_image.png","FALSE"
"56","Traveler's Companion Duffel Bag","/products/traveler's-companion-duffel-bag","Bags","B&R","Whether you're embarking on a weekend getaway or a month-long expedition,the Traveler's Companion Duffel Bag has you covered. Made from durable waxed canvas in earthy brown,this versatile bag features multiple carry options,including shoulder straps and handles,and multiple compartments for organized packing. It even has a padded laptop sleeve,making it great for both adventure and work.","79.99","56_generated_image.png","FALSE"
"57","Ascend XT Trail Running Shoes","/products/ascend-xt-trail-running-shoes","Footwear","Zephyr","Take on any trail with confidence in the Ascend XT Trail Running Shoes in charcoal gray. These lightweight yet rugged shoes offer excellent grip and support,thanks to their durable rubber outsole and advanced cushioning technology. The breathable mesh upper keeps your feet cool when the adventure heats up. It's time to push your limits and conquer the great outdoors.","109.99","57_generated_image.png","FALSE"
"58","VelociX 2000 Bike Helmet","/products/velocix-2000-bike-helmet","Cycling","Raptor Elite","Protect your head in style with the VelociX 2000 Bike Helmet in glossy black. This aerodynamic helmet features an adjustable fit system,detachable visor,and 14 ventilation channels to keep you cool during intense rides. With its sleek design and lightweight construction,it's the perfect choice for road cycling,mountain biking,and everything in between.","79.99","58_generated_image.png","FALSE"
"59","TrailSeeker GPS Watch","/products/trailseeker-gps-watch","Navigation","Quester","Stay on track and explore new trails with the TrailSeeker GPS Watch. With its durable design in stealth black,this watch is packed with features like GPS navigation,heart rate monitoring,and activity tracking. It also offers a long battery life,so you can keep going without worrying about recharging. The TrailSeeker is the ultimate companion for outdoor enthusiasts who love to explore.","149.99","59_generated_image.png","FALSE"
"60","SummitRider Snowboard Boots","/products/summitrider-snowboard-boots","Ski/boarding","WildRunner","Conquer the mountains in style with the SummitRider Snowboard Boots in matte black. These high-performance boots combine comfort,durability,and response to enhance your riding experience. Featuring a heat-moldable liner,dual-zone lacing system,and impact-resistant outsole,they provide a precise and snug fit,ensuring maximum control on any terrain. Get ready to take on the slopes like a pro!","249","60_generated_image.png","FALSE"
"61","Trailblaze Steel-Blue Hiking Shoes","/products/trailblaze-steel-blue-hiking-shoes","Footwear","WildRunner","Explore the great outdoors with the Trailblaze Steel-Blue Hiking Shoes by WildRunner. These rugged and durable shoes feature a steel-blue color,a waterproof membrane,and a high-traction rubber outsole for superior grip on any terrain. The breathable upper keeps your feet cool and comfortable,while the reinforced toe cap adds extra protection. Perfect for hiking,camping,and other outdoor adventures.","129.99","61_generated_image.png","FALSE"
"62","Shadow Black Snowboard","/products/shadow-black-snowboard","Ski/boarding","Daybird","Conquer the slopes with the Daybird Shadow Black Snowboard. This sleek and stylish snowboard features a black colorway,a camber profile for maximum stability,and a medium-flex rating for responsive turns and tricks. Its lightweight construction ensures easy maneuverability,while the sintered base provides excellent speed and durability. Whether you're shredding on groomed runs or exploring the backcountry,this snowboard is designed to deliver peak performance.","379","62_generated_image.png","FALSE"
"63","Razor Climbing Harness","/products/razor-climbing-harness","Climbing","Raptor Elite","Reach new heights with the Raptor Elite Razor Climbing Harness. This lightweight and breathable harness is designed for maximum comfort and performance. With its adjustable waist and leg loops,it offers a secure and customized fit. The razor-shaped webbing adds a stylish touch to the blue color of the harness. Featuring durable construction and reinforced tie-in points,this harness is a must-have for climbers of all levels.","94.99","63_generated_image.png","FALSE"
"64","EcoVenture Olive Green Backpack","/products/ecoventure-olive-green-backpack","Bags","Green Equipment","Embark on your next adventure with the Green Equipment EcoVenture Olive Green Backpack. Made from recycled materials,this sustainable backpack is as eco-friendly as it is functional. It features a spacious main compartment,multiple pockets for organizing your gear,and adjustable padded shoulder straps for comfortable carrying. The olive green color adds a touch of nature to your outdoor excursions.","69.99","64_generated_image.png","FALSE"
"65","Sprint PRO Carbon Cycling Helmet","/products/sprint-pro-carbon-cycling-helmet","Cycling","Solstix","Stay safe while cycling with the Solstix Sprint PRO Carbon Cycling Helmet. This high-performance helmet is crafted from carbon fiber for optimal impact protection and durability. It features an aerodynamic design,adjustable fit system,and ventilation channels to keep you cool on long rides. The rainbow color with the Solstix emblem adds a touch of style to your cycling adventures.","179.99","65_generated_image.png","FALSE"
"66","Compass Pro A-320 Professional Compass","/products/compass-pro-a-320-professional-compass","Navigation","B&R","Navigate with precision using the B&R Compass Pro A-320 Professional Compass. Designed for outdoor enthusiasts and professionals alike,this compass features a liquid-filled housing for accurate readings,a rotating bezel for easy navigation,and a lanyard for convenient carrying. The gunmetal color with white markings ensures clarity and visibility even in low-light conditions. Get ready to explore the wilderness with confidence.","59.99","66_generated_image.png","FALSE"
"67","Venture 2.0 40L Waterproof Duffel Bag","/products/venture-2.0-40l-waterproof-duffel-bag","Bags","Quester","Pack your gear in the Quester Venture 2.0 40L Waterproof Duffel Bag. This versatile duffel bag is made from waterproof nylon material and features taped seams to keep your belongings safe from the elements. It offers a spacious main compartment,external zippered pockets,and adjustable shoulder straps for easy carrying. The vibrant orange color adds a pop of excitement to your outdoor adventures.","79.99","67_generated_image.png","FALSE"
"68","Mens Horizon 80s Softshell Jacket","/products/mens-horizon-80s-softshell-jacket","Jackets","Grolltex","Stay protected from the elements in the Grolltex Mens Horizon 80s Softshell Jacket. Made from a water-resistant and breathable fabric in retro 1980s style,this jacket keeps you dry and comfortable in any weather. It features multiple colors,a detachable hood,adjustable cuffs,and multiple pockets for storing your essentials. Whether you're hiking,skiing,or exploring the city,this jacket combines style and functionality.","169.99","68_generated_image.png","FALSE"
"69","Expedition 200 GPS Navigator","/products/expedition-200-gps-navigator","Navigation","Gravitator","Navigate with confidence using the Gravitator Expedition 200 GPS Navigator. This rugged and reliable navigator features a built-in GPS antenna for accurate positioning,preloaded maps,and a user-friendly interface with intuitive controls. The black color with the Gravitator logo complements the sleek design. With its long battery life and durable construction,this navigator is your ultimate outdoor companion.","299","69_generated_image.png","FALSE"
"70","GripTrek Hiking Poles","/products/griptrek-hiking-poles","Trekking","WildRunner","The GripTrek hiking poles by WildRunner are a must-have for adventurers. With their durable aluminum construction and anti-slip handles,these poles provide stability and support on any terrain. Available in sleek yellow,these hiking poles are perfect for tackling steep inclines and rough trails.","79.99","70_generated_image.png","FALSE"
"71","Explorer Frost Boots","/products/explorer-frost-boots","Footwear","Daybird","The Explorer Frost Boots by Daybird are the perfect companion for cold-weather adventures. These premium boots are designed with a waterproof and insulated shell,keeping your feet warm and protected in icy conditions. The sleek black design with blue accents adds a touch of style to your outdoor gear.","149.99","71_generated_image.png","FALSE"
"72","GravityZone All-Mountain Skis","/products/gravityzone-all-mountain-skis","Ski/boarding","Gravitator","Take your skiing to new heights with the GravityZone All-Mountain Skis by Gravitator. These high-performance skis are designed for precision and control on all types of terrain. The sleek metallic blue design will make you stand out on the slopes while the carbon fiber construction ensures lightweight durability.","699","72_generated_image.png","FALSE"
"73","Omni-Snow Dual Snowboard","/products/omni-snow-dual-snowboard","Ski/boarding","WildRunner","Unleash your snowboarding skills with the Omni-Snow Dual Snowboard by WildRunner. This innovative design combines the maneuverability of a skateboard with the speed and stability of a snowboard. The vibrant red and black color scheme adds a dash of excitement to your snowboarding adventures.","289.99","73_generated_image.png","FALSE"
"74","Apex Climbing Harness","/products/apex-climbing-harness","Climbing","Raptor Elite","Conquer the heights with the Apex Climbing Harness by Raptor Elite. This harness is constructed with high-strength nylon webbing and features adjustable leg loops for a secure and comfortable fit. The sleek white design with a vibrant orange emblem ensures you'll look good while tackling challenging routes.","99.99","74_generated_image.png","FALSE"
"75","TrailTracker Hiking Shoes","/products/trailtracker-hiking-shoes","Footwear","AirStrider","The TrailTracker Hiking Shoes by AirStrider are built to handle any terrain. These lightweight and breathable shoes feature a rugged rubber sole for excellent traction and stability. The cool gray color with green accents adds a touch of style to your hiking ensemble.","89.99","75_generated_image.png","FALSE"
"76","Fusion Carbon Cycling Helmet","/products/fusion-carbon-cycling-helmet","Cycling","B&R","Protect yourself on two wheels with the Fusion Carbon Cycling Helmet by B&R. This helmet is made from lightweight carbon fiber and features an aerodynamic design for maximum speed. The colorful finish with a bold blue stripe will make you stand out on the road.","159","76_generated_image.png","FALSE"
"77","Survivor 2-Person Tent","/products/survivor-2-person-tent","Trekking","XE","Gear up for your next adventure with the Survivor 2-Person Tent by XE. This rugged tent is made from durable ripstop nylon and features a waterproof coating to keep you dry in any weather. The vibrant orange color ensures high visibility in the wild.","249.99","77_generated_image.png","FALSE"
"78","Basecamp Duffle Bag","/products/basecamp-duffle-bag","Bags","Solstix","The Basecamp Duffle Bag by Solstix is the ultimate adventure companion. This spacious bag is made from durable nylon and features multiple compartments for optimal organization. Its sleek red design with gray accents exudes both style and functionality.","129","78_generated_image.png","FALSE"
"79","Everest Insulated Jacket","/products/everest-insulated-jacket","Jackets","Legend","Conquer the cold with the Everest Insulated Jacket by Legend. This jacket combines warmth and style with its insulated design and sleek grey color. The water-resistant shell will keep you dry during unexpected showers while the cozy fleece lining adds extra comfort.","179.99","79_generated_image.png","FALSE"
"80","Pathfinder GPS Watch","/products/pathfinder-gps-watch","Navigation","XE","Navigate with confidence using the Pathfinder GPS Watch by XE. This feature-packed watch includes GPS tracking,altimeter,barometer,and compass functions to guide you on your outdoor adventures. The sleek pink design with a vibrant green dial adds a sporty touch to your wrist.","199","80_generated_image.png","FALSE"
"81","Trail Breeze Hiking Shoes","/products/trail-breeze-hiking-shoes","Footwear","AirStrider","Experience the ultimate comfort and stability with the Trail Breeze hiking shoes by AirStrider. These lightweight shoes feature a breathable mesh upper in vivid blue,providing excellent airflow on hot summer hikes. The durable rubber outsole offers exceptional grip,ensuring you stay steady on any terrain.","109.99","81_generated_image.png","FALSE"
"82","Maverick Pro Ski Goggles","/products/maverick-pro-ski-goggles","Ski/boarding","WildRunner","Conquer the slopes in style with the Maverick Pro ski goggles by WildRunner. Designed for maximum performance,these goggles feature a sleek black frame and mirrored,polarized lenses that reduce glare,enhancing your visibility. With a comfortable foam lining and adjustable strap,these goggles provide a secure and snug fit.","139.99","82_generated_image.png","FALSE"
"83","Blizzard Freestyle Snowboard","/products/blizzard-freestyle-snowboard","Ski/boarding","Zephyr","Unleash your freestyle skills on the slopes with the Blizzard snowboard from Zephyr. Featuring a vibrant orange and black design,this snowboard is perfect for riders who crave speed and control. Constructed with a durable bamboo core and carbon fiber reinforcement,the Blizzard offers an optimal blend of flexibility and responsiveness.","379","83_generated_image.png","FALSE"
"84","Gravity Harness","/products/gravity-harness","Climbing","Gravitator","Reach new heights with the Gravitator Gravity harness. With its innovative design and sturdy construction,this harness ensures your safety while climbing. The sleek black and red color scheme adds a touch of style. It offers maximum comfort and freedom of movement,giving you the confidence to conquer any climbing challenge.","89.99","84_generated_image.png","FALSE"
"85","LumenHead Headlamp","/products/lumenhead-headlamp","Trekking","Daybird","Illuminate your outdoor adventures with the Daybird LumenHead headlamp. This compact yet powerful headlamp features a bright LED light in a vibrant green housing. With multiple lighting modes,including a red light for preserving night vision,the LumenHead provides exceptional visibility in any conditions.","49.99","85_generated_image.png","FALSE"
"86","ProVent Bike Helmet","/products/provent-bike-helmet","Cycling","Raptor Elite","Stay safe and stylish on your cycling adventures with the Raptor Elite ProVent bike helmet. This sleek helmet features a matte black finish with striking red accents. The ProVent technology ensures optimal airflow,keeping you cool and comfortable. With its adjustable fit system and removable visor,this helmet is perfect for both casual and professional riders.","79.99","86_generated_image.png","FALSE"
"87","Nomad 2-Person Tent","/products/nomad-2-person-tent","Trekking","XE","Embark on your next camping expedition with the XE Nomad 2-person tent. Designed for rugged outdoor conditions,this tent features a durable waterproof fabric in earthy tones. The spacious interior and easy-to-use setup make it ideal for comfortable camping. With its innovative ventilation system,you'll stay cool and dry throughout the night.","229","87_generated_image.png","FALSE"
"88","Alpine AlpinePack Backpack","/products/alpine-alpinepack-backpack","Bags","Green Equipment","The AlpinePack backpack by Green Equipment is your ultimate companion for outdoor adventures. This versatile and durable backpack features a sleek navy design with reinforced straps. With a capacity of 45 liters,multiple compartments,and a hydration pack sleeve,it offers ample storage and organization. The ergonomic back panel ensures maximum comfort,even on the most challenging treks.","129","88_generated_image.png","FALSE"
"89","Summit Pro Down Jacket","/products/summit-pro-down-jacket","Jackets","Legend","Defy the coldest temperatures with the Legend Summit Pro down jacket. This high-performance jacket is filled with premium down insulation for exceptional warmth. The sleek design in deep navy blue is complemented by contrasting silver zippers and emblems. Equipped with weather-resistant fabric and a removable hood,this jacket is your ultimate companion for extreme winter adventures.","239.99","89_generated_image.png","FALSE"
"90","TrailTracker GPS Watch","/products/trailtracker-gps-watch","Navigation","B&R","Navigate the trails like a pro with the B&R TrailTracker GPS watch. This rugged and reliable watch features a built-in GPS that tracks your location,speed,and distance accurately. The sleek camo design with a vivid orange strap adds a sporty touch. With its long battery life and water-resistant construction,you can trust this watch to guide you through any outdoor expedition.","199","90_generated_image.png","FALSE"
"91","Trailblazer Trail Running Shoes","/products/trailblazer-trail-running-shoes","Footwear","WildRunner","Conquer any terrain in the Trailblazer Trail Running Shoes by WildRunner. These lightweight shoes come in vibrant blue and feature a rugged outsole for excellent traction,a breathable mesh upper for maximum comfort,and quick-drying materials to keep you dry on your adventures.","89.99","91_generated_image.png","FALSE"
"92","Shaun White Powder Groomer","/products/shaun-white-powder-groomer","Ski/boarding","WhiteSpace","Shred the slopes with the Shaun White Powder Groomer. This powerful board features a sleek design in black and icy white,with a Dura-LT carbon fiberglass core,tapered shape,directional camber,and a precision base that allows for smooth rides and easy turns. Strap on and carve your way to glory.","449.99","92_generated_image.png","FALSE"
"93","Summit Climbing Harness","/products/summit-climbing-harness","Climbing","Raptor Elite","Conquer the highest peaks with the Raptor Elite Summit Climbing Harness. This durable and lightweight harness,available in bold red,provides maximum comfort and safety while scaling tricky routes. Its adjustable waistband and leg loops ensure a snug fit,while the gear loops provide easy access to your equipment.","109.99","93_generated_image.png","FALSE"
"94","Gravity Hiking Backpack","/products/gravity-hiking-backpack","Bags","Gravitator","Embark on unforgettable hikes with the Gravitator Gravity Hiking Backpack. Available in tiger stripes,this backpack offers a spacious main compartment,multiple pockets,and a hydration system compatible design. The lightweight and durable construction ensures maximum comfort on the trails.","79.99","94_generated_image.png","FALSE"
"95","AeroLite Cycling Helmet","/products/aerolite-cycling-helmet","Cycling","AirStrider","Stay safe and stylish on your cycling adventures with the AirStrider AeroLite Cycling Helmet. This helmet,in a glossy grey,features a lightweight design,adjustable straps,and excellent ventilation to keep you cool. The aerodynamic shape reduces air resistance,enabling you to pick up speed with confidence.","129.99","95_generated_image.png","FALSE"
"96","Explorer Camping Tent","/products/explorer-camping-tent","Trekking","B&R","Experience the great outdoors with the B&R Explorer Camping Tent. This spacious tent,available in forest green,comfortably fits up to six people with a separate sleeping area and a generous living space. Its sturdy construction and weather-resistant materials ensure durability and protection from the elements.","279.99","96_generated_image.png","FALSE"
"97","Gravity Waterproof Dry Bag","/products/gravity-waterproof-dry-bag","Bags","Quester","Keep your essentials dry and secure with the Quester Gravity Waterproof Dry Bag. This versatile bag,in vibrant orange,features a roll-top closure system,adjustable shoulder straps,and durable PVC-coated fabric to withstand water,sand,and dirt. Ideal for adventures on land or water.","49.99","97_generated_image.png","FALSE"
"98","Element Outdoor Jacket","/products/element-outdoor-jacket","Jackets","Legend","Gear up for any adventure with the Legend Element Outdoor Jacket. Available in charcoal gray,this jacket offers ultimate protection with its waterproof and windproof shell. The breathable fabric and adjustable cuffs ensure comfort,allowing you to explore in any weather condition.","179.99","98_generated_image.png","FALSE"
"99","Adventurer GPS Watch","/products/adventurer-gps-watch","Navigation","Solstix","Take navigation to the next level with the Solstix Adventurer GPS Watch. This sleek and durable watch,in midnight blue,features a built-in GPS,altimeter,and compass,allowing you to track your routes and monitor your progress. With multiple sport modes,it's the ideal companion for outdoor enthusiasts.","199.99","99_generated_image.png","FALSE"
"100","EcoLite Trekking Poles","/products/ecolite-trekking-poles","Trekking","Green Equipment","Tackle challenging trails with the Green Equipment EcoLite Trekking Poles. These lightweight poles,in vibrant green,feature adjustable height,shock-absorbing capabilities,and ergonomic cork handles for a comfortable grip. Whether ascending or descending,these poles provide stability and support.","79.99","100_generated_image.png","FALSE"
"101","Trek Xtreme Hiking Shoes","/products/trek-xtreme-hiking-shoes","Footwear","Raptor Elite","The Trek Xtreme hiking shoes by Raptor Elite are built to endure any trail. With their durable leather upper and rugged rubber sole,they offer excellent traction and protection. These shoes come in a timeless brown color that adds a touch of style to your outdoor adventures.","135.99","101_generated_image.png","FALSE"